{
  "metadata": {
    "timestamp": "2025-10-10_21-40-14",
    "script_version": "2.0_multi_bias",
    "simulation_mode": "SCF+NEGF",
    "smoke_test": true
  },
  "system_parameters": {
    "width_W": 6.0,
    "length_L": 8.0,
    "fermi_energy_eV": -0.0018500000000000044,
    "temperature_K": 50.0,
    "hopping_t_eV": 2.7,
    "magnetic_field": {
      "Bx": 0.0,
      "By": 0.0,
      "Bz": 0.1
    },
    "gate_voltage_g": 3.939877
  },
  "sw_defect_parameters": {
    "eps_sw": 0.04815,
    "alpha1_sw": 0.01,
    "alpha2_sw": -0.05,
    "impurity_V_eta2": 0.671015,
    "impurity_V_side": 0.2
  },
  "sw_system": {
    "field_sweep": {
      "fields_X": [
        -0.02,
        0.0,
        0.02
      ],
      "conductances_S": [
        60848336191264.586,
        60854371773311.42,
        60859445674086.97
      ],
      "transmissions": [
        0.6398246778533438,
        0.6398441471440365,
        0.6398897644528991
      ],
      "conductance_derivatives_dGdX": [
        301779102341.7969,
        277737070559.5703,
        253695038777.34375
      ]
    },
    "optimal_sensitivity": {
      "optimal_field_X": -0.02,
      "optimal_conductance_S": 60848336191264.586,
      "optimal_slope_dGdX": 301779102341.7969,
      "shot_noise_sensitivity_V_per_A_per_sqrt_Hz": 4.627062716818358e-13,
      "thermal_sensitivity_V_per_A_per_sqrt_Hz": 1.358287895905381e-12,
      "sensitivity_units": {
        "shot_mV_cm_per_sqrt_Hz": 4.627062716818358e-05,
        "thermal_mV_cm_per_sqrt_Hz": 0.00013582878959053808
      }
    }
  },
  "iv_characteristics": {
    "bias_voltages": [
      0.001,
      0.0025,
      0.005,
      0.0075,
      0.01,
      0.025,
      0.05,
      0.075,
      0.02,
      0.05,
      0.075,
      0.1,
      0.25,
      0.5,
      0.75,
      1.0
    ],
    "sw_system": {
      "currents": [
        60854371773.311424,
        168109706299.52048,
        545438421457.19824,
        1761635339339.0027,
        4490752294154.472,
        18157667146204.367,
        39299128124871.875,
        52507794583549.56,
        13497651825220.537,
        39299128124871.875,
        52507794583549.56,
        60273054443048.64,
        127163299188488.58,
        154693317890985.06,
        294365591317606.06,
        328729250810059.3
      ],
      "conductances": [
        60854371773311.42,
        67243882519808.19,
        109087684291439.64,
        234884711911867.03,
        449075229415447.2,
        726306685848174.6,
        785982562497437.5,
        700103927780660.9,
        674882591261026.9,
        785982562497437.5,
        700103927780660.9,
        602730544430486.4,
        508653196753954.3,
        309386635781970.1,
        392487455090141.44,
        328729250810059.3
      ],
      "transmissions": [
        0.6398441471440365,
        0.6397814977463492,
        0.6425251330369216,
        0.6435288167343601,
        0.6441883494395282,
        0.6449470661523469,
        0.6456867703019776,
        0.6467052922392095,
        0.6441877011762104,
        0.6456867703019776,
        0.6467052922392095,
        0.6543073701987161,
        0.8054771426375062,
        0.8067798975533249,
        0.8129321831859817,
        0.8604713839133796
      ]
    },
    "pristine_system": null
  },
  "iv_analysis": {
    "linear_fit_slope_S": 336301021259775.3,
    "linear_fit_intercept_A": 12824074066979.775,
    "nonlinearity_factor": 0.16973940867838713,
    "is_significantly_nonlinear": true
  }
}