{
  "metadata": {
    "timestamp": "2025-10-10_23-11-00",
    "script_version": "2.0_multi_bias",
    "simulation_mode": "SCF+NEGF",
    "smoke_test": true
  },
  "system_parameters": {
    "width_W": 6.0,
    "length_L": 8.0,
    "fermi_energy_eV": -0.0018500000000000044,
    "temperature_K": 300.0,
    "hopping_t_eV": 2.7,
    "magnetic_field": {
      "Bx": 0.0,
      "By": 0.0,
      "Bz": 0.1
    },
    "gate_voltage_g": 3.939877
  },
  "sw_defect_parameters": {
    "eps_sw": 0.04815,
    "alpha1_sw": 0.01,
    "alpha2_sw": -0.05,
    "impurity_V_eta2": 0.671015,
    "impurity_V_side": 0.2
  },
  "sw_system": {
    "field_sweep": {
      "fields_X": [
        -0.02,
        0.0,
        0.02
      ],
      "conductances_S": [
        9.748978246342066e-06,
        9.74994525319487e-06,
        9.750758181721449e-06
      ],
      "transmissions": [
        0.6398246778533438,
        0.6398441471440365,
        0.6398897644528991
      ],
      "conductance_derivatives_dGdX": [
        4.835034264016961e-08,
        4.449838448457423e-08,
        4.064642632897885e-08
      ]
    },
    "optimal_sensitivity": {
      "optimal_field_X": -0.02,
      "optimal_conductance_S": 9.748978246342066e-06,
      "optimal_slope_dGdX": 4.835034264016961e-08,
      "shot_noise_sensitivity_V_per_A_per_sqrt_Hz": 0.0011559796512493686,
      "thermal_sensitivity_V_per_A_per_sqrt_Hz": 0.008312128699135364,
      "sensitivity_units": {
        "shot_mV_cm_per_sqrt_Hz": 115597.96512493686,
        "thermal_mV_cm_per_sqrt_Hz": 831212.8699135365
      }
    }
  },
  "iv_characteristics": {
    "bias_voltages": [
      0.001,
      0.0025,
      0.005,
      0.0075,
      0.01,
      0.025,
      0.05,
      0.075,
      0.02,
      0.05,
      0.075,
      0.1,
      0.25,
      0.5,
      0.75,
      1.0
    ],
    "sw_system": {
      "currents": [
        9.749945253194869e-09,
        2.6934144338169425e-08,
        8.73888694144567e-08,
        2.8224509783176103e-07,
        7.194978394776202e-07,
        2.909179002959809e-06,
        6.296414481824194e-06,
        8.412676158463485e-06,
        2.162562236823579e-06,
        6.296414481824194e-06,
        8.412676158463485e-06,
        9.65680794884624e-06,
        2.037380666621475e-05,
        2.478460193608704e-05,
        4.7162567226266154e-05,
        5.266823245602025e-05
      ],
      "conductances": [
        9.74994525319487e-06,
        1.077365773526777e-05,
        1.7477773882891342e-05,
        3.763267971090147e-05,
        7.194978394776202e-05,
        0.00011636716011839235,
        0.00012592828963648388,
        0.0001121690154461798,
        0.00010812811184117896,
        0.00012592828963648388,
        0.0001121690154461798,
        9.656807948846239e-05,
        8.1495226664859e-05,
        4.956920387217408e-05,
        6.288342296835487e-05,
        5.266823245602025e-05
      ],
      "transmissions": [
        0.6398441471440365,
        0.6397814977463492,
        0.6425251330369216,
        0.6435288167343601,
        0.6441883494395281,
        0.6449470661523469,
        0.6456867703019776,
        0.6467052922392095,
        0.6441877011762104,
        0.6456867703019776,
        0.6467052922392095,
        0.6543073701987161,
        0.8054771426375062,
        0.8067798975533249,
        0.8129321831859817,
        0.8604713839133796
      ]
    },
    "pristine_system": null
  },
  "iv_analysis": {
    "linear_fit_slope_S": 5.3881363825274894e-05,
    "linear_fit_intercept_A": 2.054643182280037e-06,
    "nonlinearity_factor": 0.1697394086783871,
    "is_significantly_nonlinear": true
  }
}