{
  "metadata": {
    "timestamp": "2025-10-17_11-57-42",
    "script_version": "2.0_multi_bias",
    "simulation_mode": "NEGF",
    "smoke_test": false
  },
  "system_parameters": {
    "width_W": 12.0,
    "length_L": 25.0,
    "fermi_energy_eV": -0.0050000000000000044,
    "temperature_K": 300.0,
    "hopping_t_eV": 2.7,
    "magnetic_field": {
      "Bx": 0.0,
      "By": 0.0,
      "Bz": 0.1
    },
    "gate_voltage_g": 1.5
  },
  "sw_defect_parameters": {
    "eps_sw": 0.045,
    "alpha1_sw": 0.012,
    "alpha2_sw": -0.06,
    "impurity_V_eta2": 0.65,
    "impurity_V_side": 0.18
  },
  "sw_system": {
    "field_sweep": {
      "fields_X": [
        -1.0,
        -0.7777777777777778,
        -0.5555555555555556,
        -0.33333333333333337,
        -0.11111111111111116,
        0.11111111111111116,
        0.33333333333333326,
        0.5555555555555554,
        0.7777777777777777,
        1.0
      ],
      "conductances_S": [
        4.0301053337363197e-14,
        4.288021438336588e-16,
        1.4719848777796907e-15,
        2.1473789272469042e-15,
        2.3747377408969776e-16,
        1.972756806888735e-16,
        2.5926959443909154e-16,
        1.3307259242115768e-14,
        4.406600919601266e-16,
        5.011258669407296e-16
      ],
      "transmissions": [
        1.0402833302045177e-09,
        1.1068587176915235e-11,
        3.799606223313504e-11,
        5.542987879119222e-11,
        6.1298648072117445e-12,
        5.09223916202513e-12,
        6.6924761213082376e-12,
        3.4349772062778483e-10,
        1.1374674108766168e-11,
        1.2935465516218106e-11
      ],
      "conductance_derivatives_dGdX": [
        -1.7942513037088295e-13,
        -8.736540403406289e-14,
        3.866797762679802e-15,
        -2.7776499833024842e-15,
        -4.387732304755569e-15,
        4.9040595786136015e-17,
        2.9497463013210526e-14,
        4.081286194223289e-16,
        -2.8813800094143825e-14,
        2.720959874127136e-16
      ]
    },
    "optimal_sensitivity": {
      "optimal_field_X": -1.0,
      "optimal_conductance_S": 4.0301053337363197e-14,
      "optimal_slope_dGdX": -1.7942513037088295e-13,
      "shot_noise_sensitivity_V_per_A_per_sqrt_Hz": 0.020028347726803418,
      "thermal_sensitivity_V_per_A_per_sqrt_Hz": 0.14401482219544057,
      "sensitivity_units": {
        "shot_mV_cm_per_sqrt_Hz": 2002834.7726803417,
        "thermal_mV_cm_per_sqrt_Hz": 14401482.219544057
      }
    }
  },
  "pristine_system": {
    "field_sweep": {
      "fields_X": [
        -1.0,
        -0.7777777777777778,
        -0.5555555555555556,
        -0.33333333333333337,
        -0.11111111111111116,
        0.11111111111111116,
        0.33333333333333326,
        0.5555555555555554,
        0.7777777777777777,
        1.0
      ],
      "conductances_S": [
        4.956810081957344e-17,
        4.881812794968597e-17,
        4.8260930291135785e-17,
        4.7945756232047813e-17,
        4.7726283916533176e-17,
        4.772183099398574e-17,
        4.77295739422163e-17,
        4.7966587630041777e-17,
        4.8354379738204207e-17,
        4.885741651797273e-17
      ],
      "transmissions": [
        1.2794918425790435e-12,
        1.2601329372889361e-12,
        1.2457501014120049e-12,
        1.2376145741085996e-12,
        1.2319493774855726e-12,
        1.2318344350532245e-12,
        1.2320343022850673e-12,
        1.2381522909741259e-12,
        1.2481622939963606e-12,
        1.261147085537474e-12
      ],
      "conductance_derivatives_dGdX": [
        -3.374877914493626e-18,
        -2.9411336889847295e-18,
        -1.9628363646858523e-18,
        -1.2029543428558697e-18,
        -5.038317856396585e-19,
        7.402557787025687e-21,
        5.507024311260762e-19,
        1.4058130409727934e-18,
        2.0043649978446464e-18,
        2.2636655089583576e-18
      ]
    },
    "optimal_sensitivity": {
      "optimal_field_X": -1.0,
      "optimal_conductance_S": 4.956810081957344e-17,
      "optimal_slope_dGdX": -3.374877914493626e-18,
      "shot_noise_sensitivity_V_per_A_per_sqrt_Hz": 37.34334934544361,
      "thermal_sensitivity_V_per_A_per_sqrt_Hz": 268.51919536872487
    }
  },
  "comparison": {
    "sensitivity_improvement_ratio": 1864.524715409648,
    "conductance_ratio_sw_vs_pristine": 813.0441286031504,
    "slope_ratio_sw_vs_pristine": 53164.92475189411
  }
}