{
  "metadata": {
    "timestamp": "2025-10-16_16-31-57",
    "script_version": "2.0_multi_bias",
    "simulation_mode": "NEGF",
    "smoke_test": false
  },
  "system_parameters": {
    "width_W": 6.0,
    "length_L": 20.0,
    "fermi_energy_eV": -0.0050000000000000044,
    "temperature_K": 300.0,
    "hopping_t_eV": 2.7,
    "magnetic_field": {
      "Bx": 0.0,
      "By": 0.0,
      "Bz": 0.1
    },
    "gate_voltage_g": 1.5
  },
  "sw_defect_parameters": {
    "eps_sw": 0.045,
    "alpha1_sw": 0.012,
    "alpha2_sw": -0.06,
    "impurity_V_eta2": 0.65,
    "impurity_V_side": 0.18
  },
  "sw_system": {
    "field_sweep": {
      "fields_X": [
        -0.5,
        -0.3888888888888889,
        -0.2777777777777778,
        -0.16666666666666669,
        -0.05555555555555558,
        0.05555555555555558,
        0.16666666666666663,
        0.2777777777777777,
        0.38888888888888884,
        0.5
      ],
      "conductances_S": [
        4.784397250952246e-05,
        4.788592127315072e-05,
        4.790386197467954e-05,
        4.793455233969146e-05,
        4.79256349731609e-05,
        4.792548560400703e-05,
        4.792557229886182e-05,
        4.7929489380432636e-05,
        4.7914619016565026e-05,
        4.789231216572888e-05
      ],
      "transmissions": [
        1.2349872504765613,
        1.2360700658352537,
        1.2365331657095018,
        1.2373253701924103,
        1.2370951879271128,
        1.2370913322899038,
        1.237093570127498,
        1.237194680999888,
        1.2368108351605236,
        1.2362350327148668
      ],
      "conductance_derivatives_dGdX": [
        3.775388726543776e-07,
        2.6950259320685996e-07,
        2.188397994333128e-07,
        9.797849316611033e-08,
        -4.080031057992889e-08,
        -2.82034345859295e-10,
        1.801699391522567e-08,
        -4.92897703355602e-08,
        -1.672974661668925e-07,
        -2.0076165752528993e-07
      ]
    },
    "optimal_sensitivity": {
      "optimal_field_X": -0.5,
      "optimal_conductance_S": 4.784397250952246e-05,
      "optimal_slope_dGdX": 3.775388726543776e-07,
      "shot_noise_sensitivity_V_per_A_per_sqrt_Hz": 0.000327960950272007,
      "thermal_sensitivity_V_per_A_per_sqrt_Hz": 0.002358219389074341,
      "sensitivity_units": {
        "shot_mV_cm_per_sqrt_Hz": 32796.0950272007,
        "thermal_mV_cm_per_sqrt_Hz": 235821.9389074341
      }
    }
  },
  "pristine_system": {
    "field_sweep": {
      "fields_X": [
        -0.5,
        -0.3888888888888889,
        -0.2777777777777778,
        -0.16666666666666669,
        -0.05555555555555558,
        0.05555555555555558,
        0.16666666666666663,
        0.2777777777777777,
        0.38888888888888884,
        0.5
      ],
      "conductances_S": [
        4.7303790760349044e-05,
        4.731875262512942e-05,
        4.733037384530111e-05,
        4.7338855300915494e-05,
        4.734433984539498e-05,
        4.734691811968469e-05,
        4.734663226959146e-05,
        4.734347762322752e-05,
        4.733740254910314e-05,
        4.7328306327983756e-05
      ],
      "transmissions": [
        1.2210436429921177,
        1.2214298507269257,
        1.2217298270456598,
        1.2219487572264085,
        1.2220903287170595,
        1.222156881214877,
        1.2221495026214582,
        1.2220680723422637,
        1.22191125762359,
        1.2216764586192281
      ],
      "conductance_derivatives_dGdX": [
        1.3465678302336222e-07,
        1.1962388228431138e-07,
        9.046204103734152e-08,
        6.284700042240928e-08,
        3.628268446139774e-08,
        1.0315908884136625e-08,
        -1.548223405728467e-08,
        -4.153374219743083e-08,
        -6.827082859693152e-08,
        -8.186599007444451e-08
      ]
    },
    "optimal_sensitivity": {
      "optimal_field_X": -0.5,
      "optimal_conductance_S": 4.7303790760349044e-05,
      "optimal_slope_dGdX": 1.3465678302336222e-07,
      "shot_noise_sensitivity_V_per_A_per_sqrt_Hz": 0.0009143025527112124,
      "thermal_sensitivity_V_per_A_per_sqrt_Hz": 0.006574337601764722
    }
  },
  "comparison": {
    "sensitivity_improvement_ratio": 2.7878396862580757,
    "conductance_ratio_sw_vs_pristine": 1.0114194177779554,
    "slope_ratio_sw_vs_pristine": 2.8037122540561263
  }
}