{
  "metadata": {
    "timestamp": "2025-10-16_23-43-29",
    "script_version": "2.0_multi_bias",
    "simulation_mode": "NEGF",
    "smoke_test": false
  },
  "system_parameters": {
    "width_W": 12.0,
    "length_L": 25.0,
    "fermi_energy_eV": -0.0050000000000000044,
    "temperature_K": 300.0,
    "hopping_t_eV": 2.7,
    "magnetic_field": {
      "Bx": 0.0,
      "By": 0.0,
      "Bz": 0.1
    },
    "gate_voltage_g": 1.5
  },
  "sw_defect_parameters": {
    "eps_sw": 0.045,
    "alpha1_sw": 0.012,
    "alpha2_sw": -0.06,
    "impurity_V_eta2": 0.65,
    "impurity_V_side": 0.18
  },
  "sw_system": {
    "field_sweep": {
      "fields_X": [
        -0.5,
        -0.3888888888888889,
        -0.2777777777777778,
        -0.16666666666666669,
        -0.05555555555555558,
        0.05555555555555558,
        0.16666666666666663,
        0.2777777777777777,
        0.38888888888888884,
        0.5
      ],
      "conductances_S": [
        5.414292442572658e-15,
        1.7399774917582065e-14,
        6.029284981599483e-16,
        2.768503165173798e-16,
        2.155654744415753e-16,
        2.0000576210113084e-16,
        2.0291404960507938e-16,
        2.313945253150093e-16,
        3.143948099331451e-16,
        9.403972506558615e-16
      ],
      "transmissions": [
        1.3975808834849556e-10,
        4.491370397827819e-10,
        1.556327723473038e-11,
        7.146283915310637e-12,
        5.564350086634011e-12,
        5.162710227867954e-12,
        5.237781293243679e-12,
        5.972942329093498e-12,
        8.115412695008913e-12,
        2.427429316643908e-11
      ],
      "conductance_derivatives_dGdX": [
        1.0786934227508467e-13,
        -2.1651137749857197e-14,
        -7.705316070479109e-14,
        -1.7431336067326785e-15,
        -3.458004948731203e-16,
        -5.693141176423162e-17,
        1.412494344624531e-16,
        5.016634214762958e-16,
        3.1905122640338334e-15,
        5.634021966504445e-15
      ]
    },
    "optimal_sensitivity": {
      "optimal_field_X": -0.5,
      "optimal_conductance_S": 5.414292442572658e-15,
      "optimal_slope_dGdX": 1.0786934227508467e-13,
      "shot_noise_sensitivity_V_per_A_per_sqrt_Hz": 0.012210769095712878,
      "thermal_sensitivity_V_per_A_per_sqrt_Hz": 0.08780213745916111,
      "sensitivity_units": {
        "shot_mV_cm_per_sqrt_Hz": 1221076.909571288,
        "thermal_mV_cm_per_sqrt_Hz": 8780213.745916111
      }
    }
  },
  "pristine_system": {
    "field_sweep": {
      "fields_X": [
        -0.5,
        -0.3888888888888889,
        -0.2777777777777778,
        -0.16666666666666669,
        -0.05555555555555558,
        0.05555555555555558,
        0.16666666666666663,
        0.2777777777777777,
        0.38888888888888884,
        0.5
      ],
      "conductances_S": [
        4.815212396328507e-17,
        4.7991031090475984e-17,
        4.792599238317443e-17,
        4.7813744381083164e-17,
        4.778021312438312e-17,
        4.771567254824348e-17,
        4.778383344450773e-17,
        4.7723939642597305e-17,
        4.777465180315361e-17,
        4.7864699359591625e-17
      ],
      "transmissions": [
        1.2429415046208405e-12,
        1.2387832453119532e-12,
        1.2371044136829763e-12,
        1.2342069776173028e-12,
        1.233341441744236e-12,
        1.2316754682790308e-12,
        1.2334348923705537e-12,
        1.231888865193834e-12,
        1.2331978884301194e-12,
        1.2355222686666346e-12
      ],
      "conductance_derivatives_dGdX": [
        -1.4498358552817882e-18,
        -1.0175921104978863e-18,
        -7.977901922676933e-19,
        -6.560066645609032e-19,
        -4.413232477785883e-19,
        1.6291440560759804e-20,
        3.72019245922259e-20,
        -4.131738609354803e-20,
        6.33418726474437e-19,
        8.104280079421296e-19
      ]
    },
    "optimal_sensitivity": {
      "optimal_field_X": -0.5,
      "optimal_conductance_S": 4.815212396328507e-17,
      "optimal_slope_dGdX": -1.4498358552817882e-18,
      "shot_noise_sensitivity_V_per_A_per_sqrt_Hz": 85.67598043342437,
      "thermal_sensitivity_V_per_A_per_sqrt_Hz": 616.0573631357126
    }
  },
  "comparison": {
    "sensitivity_improvement_ratio": 7016.427856579865,
    "conductance_ratio_sw_vs_pristine": 112.44140438542101,
    "slope_ratio_sw_vs_pristine": -74401.07228836558
  }
}