{
  "metadata": {
    "timestamp": "2025-10-15_13-36-11",
    "script_version": "2.0_multi_bias",
    "simulation_mode": "SCF+NEGF",
    "smoke_test": false
  },
  "system_parameters": {
    "width_W": 12.0,
    "length_L": 25.0,
    "fermi_energy_eV": -0.0050000000000000044,
    "temperature_K": 300.0,
    "hopping_t_eV": 2.7,
    "magnetic_field": {
      "Bx": 0.0,
      "By": 0.0,
      "Bz": 0.1
    },
    "gate_voltage_g": 1.5
  },
  "sw_defect_parameters": {
    "eps_sw": 0.045,
    "alpha1_sw": 0.012,
    "alpha2_sw": -0.06,
    "impurity_V_eta2": 0.65,
    "impurity_V_side": 0.18
  },
  "sw_system": {
    "field_sweep": {
      "fields_X": [
        -0.5,
        -0.3888888888888889,
        -0.2777777777777778,
        -0.16666666666666669,
        -0.05555555555555558,
        0.05555555555555558,
        0.16666666666666663,
        0.2777777777777777,
        0.38888888888888884,
        0.5
      ],
      "conductances_S": [
        3.8740458649318245e-07,
        3.8740458649318245e-07,
        3.8740458649318245e-07,
        3.8740458649318245e-07,
        3.8740458649318245e-07,
        0.00010554428740277925,
        0.00015822865309764322,
        0.00014351726929852062,
        6.322184970148612e-05,
        3.8740458649318245e-07
      ],
      "transmissions": [
        0.01,
        0.01,
        0.01,
        0.01,
        0.01,
        2.7243943691574395,
        4.084325756954551,
        3.7045836394878675,
        1.6319334335655498,
        0.01
      ],
      "conductance_derivatives_dGdX": [
        0.0,
        0.0,
        0.0,
        0.0,
        0.0004732059726732872,
        0.0007102856183001752,
        0.00017087841853083628,
        -0.00042753061528270697,
        -0.0006440843912041232,
        -0.0005655100060349362
      ]
    },
    "optimal_sensitivity": {
      "optimal_field_X": 0.05555555555555558,
      "optimal_conductance_S": 0.00010554428740277925,
      "optimal_slope_dGdX": 0.0007102856183001752,
      "shot_noise_sensitivity_V_per_A_per_sqrt_Hz": 2.589134069339732e-07,
      "thermal_sensitivity_V_per_A_per_sqrt_Hz": 1.8617296230438017e-06,
      "sensitivity_units": {
        "shot_mV_cm_per_sqrt_Hz": 25.89134069339732,
        "thermal_mV_cm_per_sqrt_Hz": 186.17296230438018
      }
    }
  },
  "pristine_system": {
    "field_sweep": {
      "fields_X": [
        -0.5,
        -0.3888888888888889,
        -0.2777777777777778,
        -0.16666666666666669,
        -0.05555555555555558,
        0.05555555555555558,
        0.16666666666666663,
        0.2777777777777777,
        0.38888888888888884,
        0.5
      ],
      "conductances_S": [
        3.8740458649318245e-07,
        3.8740458649318245e-07,
        3.8740458649318245e-07,
        3.8740458649318245e-07,
        4.763376744520255e-05,
        0.0001937022932465912,
        0.0001937022932465912,
        0.0001937022932465912,
        0.00015132779730021425,
        3.8740458649318245e-07
      ],
      "transmissions": [
        0.01,
        0.01,
        0.01,
        0.01,
        1.2295612676243008,
        5.0,
        5.0,
        5.0,
        3.9061952949510914,
        0.01
      ],
      "conductance_derivatives_dGdX": [
        0.0,
        0.0,
        0.0,
        0.00021260863286419218,
        0.000869916998970441,
        0.000657308366106249,
        0.0,
        -0.0001906852317586963,
        -0.0008699169989704407,
        -0.001358463534423489
      ]
    },
    "optimal_sensitivity": {
      "optimal_field_X": 0.5,
      "optimal_conductance_S": 3.8740458649318245e-07,
      "optimal_slope_dGdX": -0.001358463534423489,
      "shot_noise_sensitivity_V_per_A_per_sqrt_Hz": 8.201713388997026e-09,
      "thermal_sensitivity_V_per_A_per_sqrt_Hz": 5.897482465983174e-08
    }
  },
  "comparison": {
    "sensitivity_improvement_ratio": 0.03167743797480749,
    "conductance_ratio_sw_vs_pristine": 272.43943691574395,
    "slope_ratio_sw_vs_pristine": -0.5228595396943132
  }
}