{
  "metadata": {
    "timestamp": "2025-10-15_13-34-54",
    "script_version": "2.0_multi_bias",
    "simulation_mode": "SCF+NEGF",
    "smoke_test": false
  },
  "system_parameters": {
    "width_W": 6.0,
    "length_L": 20.0,
    "fermi_energy_eV": -0.0050000000000000044,
    "temperature_K": 300.0,
    "hopping_t_eV": 2.7,
    "magnetic_field": {
      "Bx": 0.0,
      "By": 0.0,
      "Bz": 0.1
    },
    "gate_voltage_g": 1.5
  },
  "sw_defect_parameters": {
    "eps_sw": 0.045,
    "alpha1_sw": 0.012,
    "alpha2_sw": -0.06,
    "impurity_V_eta2": 0.65,
    "impurity_V_side": 0.18
  },
  "sw_system": {
    "field_sweep": {
      "fields_X": [
        -0.5,
        -0.3888888888888889,
        -0.2777777777777778,
        -0.16666666666666669,
        -0.05555555555555558,
        0.05555555555555558,
        0.16666666666666663,
        0.2777777777777777,
        0.38888888888888884,
        0.5
      ],
      "conductances_S": [
        7.586490939434377e-05,
        7.609757520742455e-05,
        7.624975238020745e-05,
        7.63474091233192e-05,
        7.640477875898508e-05,
        7.642934853105274e-05,
        7.642412699740711e-05,
        7.638847873991106e-05,
        7.631795020939811e-05,
        7.620299990997941e-05
      ],
      "transmissions": [
        1.9582862991137777,
        1.9642920569491946,
        1.968220177009941,
        1.9707409717169873,
        1.972221843076441,
        1.9728560578721426,
        1.9727212754295058,
        1.9718010938225006,
        1.9699805544439821,
        1.9670133644976977
      ],
      "conductance_derivatives_dGdX": [
        2.093992317727048e-06,
        1.7317934363865532e-06,
        1.1242526215259164e-06,
        6.976187044993598e-07,
        3.6872733480094224e-07,
        8.706707289912247e-08,
        -1.8391406013755214e-07,
        -4.777955460404912e-07,
        -8.346547346924254e-07,
        -1.0345526947682787e-06
      ]
    },
    "optimal_sensitivity": {
      "optimal_field_X": -0.5,
      "optimal_conductance_S": 7.586490939434377e-05,
      "optimal_slope_dGdX": 2.093992317727048e-06,
      "shot_noise_sensitivity_V_per_A_per_sqrt_Hz": 7.445872279338433e-05,
      "thermal_sensitivity_V_per_A_per_sqrt_Hz": 0.0005353991188019128,
      "sensitivity_units": {
        "shot_mV_cm_per_sqrt_Hz": 7445.872279338433,
        "thermal_mV_cm_per_sqrt_Hz": 53539.911880191285
      }
    }
  },
  "pristine_system": {
    "field_sweep": {
      "fields_X": [
        -0.5,
        -0.3888888888888889,
        -0.2777777777777778,
        -0.16666666666666669,
        -0.05555555555555558,
        0.05555555555555558,
        0.16666666666666663,
        0.2777777777777777,
        0.38888888888888884,
        0.5
      ],
      "conductances_S": [
        7.705033241645519e-05,
        7.70600369522325e-05,
        7.706752880991959e-05,
        7.707297098350685e-05,
        7.707647858280416e-05,
        7.707812433518577e-05,
        7.70779419694944e-05,
        7.70759277606617e-05,
        7.707204035985715e-05,
        7.706619889657121e-05
      ],
      "transmissions": [
        1.9888853953413668,
        1.9891358966548685,
        1.9893292825348576,
        1.9894697603138258,
        1.9895603012991316,
        1.9896027827884837,
        1.9895980754180054,
        1.9895460830332243,
        1.9894457383047393,
        1.9892949537376585
      ],
      "conductance_derivatives_dGdX": [
        8.734082199581656e-08,
        7.7383770589776e-08,
        5.8203140734565276e-08,
        4.0273977980567906e-08,
        2.3190082555113485e-08,
        6.585240106084841e-09,
        -9.884585358290695e-09,
        -2.655724336761558e-08,
        -4.377988840722399e-08,
        -5.2573169573481627e-08
      ]
    },
    "optimal_sensitivity": {
      "optimal_field_X": -0.5,
      "optimal_conductance_S": 7.705033241645519e-05,
      "optimal_slope_dGdX": 8.734082199581656e-08,
      "shot_noise_sensitivity_V_per_A_per_sqrt_Hz": 0.0017990373428938991,
      "thermal_sensitivity_V_per_A_per_sqrt_Hz": 0.01293606674868601
    }
  },
  "comparison": {
    "sensitivity_improvement_ratio": 24.16153911054923,
    "conductance_ratio_sw_vs_pristine": 0.9846149525260418,
    "slope_ratio_sw_vs_pristine": 23.97495546615471
  }
}